{
  "Total" : {
    "transaction" : "Total",
    "sampleCount" : 25081,
    "errorCount" : 9,
    "errorPct" : 0.035883736,
    "meanResTime" : 12035.139946573092,
    "medianResTime" : 17394.5,
    "minResTime" : 5.0,
    "maxResTime" : 41012.0,
    "pct1ResTime" : 21416.800000000003,
    "pct2ResTime" : 22692.75000000002,
    "pct3ResTime" : 29147.900000000016,
    "throughput" : 27.17190528346816,
    "receivedKBytesPerSec" : 22.354424837887805,
    "sentKBytesPerSec" : 11.528013029034753
  },
  "HTTP Request" : {
    "transaction" : "HTTP Request",
    "sampleCount" : 25081,
    "errorCount" : 9,
    "errorPct" : 0.035883736,
    "meanResTime" : 12035.139946573092,
    "medianResTime" : 17394.5,
    "minResTime" : 5.0,
    "maxResTime" : 41012.0,
    "pct1ResTime" : 21416.800000000003,
    "pct2ResTime" : 22692.75000000002,
    "pct3ResTime" : 29147.900000000016,
    "throughput" : 27.17190528346816,
    "receivedKBytesPerSec" : 22.354424837887805,
    "sentKBytesPerSec" : 11.528013029034753
  }
}